sequence,next_word
world! This is a test of the transformer model. The,quick
This is a test of the transformer model. The brown,fox
is a test of the transformer model. The brown jumps,over
a test of the transformer model. The brown jumps the,lazy
of the transformer model. The brown jumps the dog. Neural,networks
the transformer model. The brown jumps the dog. Neural are,fascinating
transformer model. The brown jumps the dog. Neural are tools,for
model. The brown jumps the dog. Neural are tools machine,learning.
The brown jumps the dog. Neural are tools machine This,is
brown jumps the dog. Neural are tools machine This a,simple
jumps the dog. Neural are tools machine This a test,to
the dog. Neural are tools machine This a test see,how
dog. Neural are tools machine This a test see the,model
Neural are tools machine This a test see the processes,text
tools machine This a test see the processes input. Let's,see
machine This a test see the processes input. Let's how,well
This a test see the processes input. Let's how our,transformer
a test see the processes input. Let's how our implementation,works!
